,autoregression,moving average,ARMA,TBATS,ensemble
T1,1.642996605763959,3.2057810218978076,1.3241418748974227,2.161829764990876,1.3967021412432015
