,autoregression,moving average,ARMA,TBATS,autoPyTorch,ensemble
T1,1.6429966057462286,3.2057810218978076,1.2431095990425045,2.161829764990876,1.3252197265624999,1.0068707028088286
T2,7.579878466653204,15.30808888888889,5.1697509302397755,6.379722280983836,7.070121982150602,5.618823828517728
T3,0.30793418498970837,6.722264705882363,0.7804924468405068,0.4373414595491085,0.31781042211196003,0.47200186090066104
T4,0.7126851591776368,1.1660377358490566,0.8176465785383884,1.3234419557323964,0.0,0.7773584905660488
T5,16.12164359969673,17.58186046511629,4.525371897175844,6.3240553194455815,11.404665321527524,1.1003762695176005
